repo_name,total_design_smells,total_impl_smells,total_code_smells,God_Class,Feature_Envy,Unutilized_Abstraction,Deficient_Encapsulation,Unexploited_Encapsulation,Multifaceted_Abstraction,Insufficient_Modularization,Hub_Like_Modularization,Cyclically_Dependent_Modularization,Broken_Hierarchy,Rebellious_Hierarchy,Missing_Hierarchy,Wide_Hierarchy,Deep_Hierarchy,Long_Method,Complex_Method,Long_Parameter_List,Magic_Number,Duplicate_Code,Empty_Catch_Clause,Long_Statement,Long_Identifier,Missing_Default,Complex_Conditional
Aspose.BarCode-for-Java,41,1121,1162,0,0,36,1,0,0,4,0,0,0,0,0,0,0,0,4,3,1051,0,4,53,5,0,1
Aspose.Cells-for-Java,307,2133,2440,0,0,257,14,0,0,4,0,0,2,0,0,0,0,5,21,6,1886,0,8,173,12,16,6
Aspose.Diagram-for-Java,26,320,346,0,0,12,4,0,0,1,0,0,0,0,0,0,0,0,1,1,259,0,5,50,4,0,0
Aspose.Email-for-Java,180,670,850,0,0,113,49,0,0,1,0,0,0,0,0,0,0,1,4,3,430,0,12,207,7,2,4
Aspose.HTML-for-Java,156,358,514,0,0,144,5,0,0,1,0,0,4,0,0,0,0,0,1,1,283,0,2,71,0,0,0
Aspose.PDF-for-Java,253,840,1093,0,0,172,12,0,0,3,1,0,0,0,0,0,0,2,6,4,634,0,12,162,11,0,9
Aspose.Slides-for-Java,593,2792,3385,0,0,540,16,0,0,4,0,0,0,0,0,0,0,3,13,4,2367,0,15,372,11,0,7
Aspose.Tasks-for-Java,137,625,762,0,0,109,10,0,0,1,0,0,0,0,0,0,0,1,5,3,465,0,6,135,9,0,1
Aspose.Words-for-Java,1136,11957,13093,0,0,630,155,0,15,90,0,0,203,6,0,3,0,3,56,73,8500,0,12,3134,61,90,28
Code_Along_with_GZM__JAVA,5,8,13,0,0,5,0,0,0,0,0,0,0,0,0,0,0,0,0,0,8,0,0,0,0,0,0
CodingJava,2,2,4,0,0,2,0,0,0,0,0,0,0,0,0,0,0,0,0,0,2,0,0,0,0,0,0
Commerce-API-Java,7,31,38,0,0,6,0,0,0,0,0,0,0,0,0,0,0,0,0,3,1,0,0,26,0,0,1
Core-Java,432,1822,2254,0,0,396,5,2,0,0,0,0,2,0,2,0,0,0,9,13,1663,0,8,120,1,2,6
Core-Java---Madhura-Anturkar,402,861,1263,0,0,359,21,0,0,0,0,0,11,0,0,0,0,0,12,21,744,0,0,84,0,0,0
Core-Java-Tutorial-Projects,1,6,7,0,0,1,0,0,0,0,0,0,0,0,0,0,0,0,0,0,6,0,0,0,0,0,0
CoreJava,136,564,700,0,0,119,1,0,0,0,0,0,6,0,0,0,0,3,14,0,498,0,7,29,0,6,7
Defeat-JAVA,306,2233,2539,0,0,255,14,0,0,6,0,0,3,0,0,0,0,7,48,7,2033,0,3,105,0,5,24
Dr.Know,2,5,7,0,0,2,0,0,0,0,0,0,0,0,0,0,0,0,0,0,3,0,0,2,0,0,0
ELK-Logger,2,0,2,0,0,2,0,0,0,0,0,0,0,0,0,0,0,0,0,0,0,0,0,0,0,0,0
GraphSearch,7,30,37,0,0,1,2,0,0,0,0,0,0,0,0,0,0,0,0,0,30,0,0,0,0,0,0
HapiFhirClientDemo,1,2,3,0,0,1,0,0,0,0,0,0,0,0,0,0,0,0,0,0,0,0,0,2,0,0,0
HapiFhirServiceDemo,4,8,12,0,0,3,1,0,0,0,0,0,0,0,0,0,0,0,0,1,0,0,0,7,0,0,0
HelloWorld,44,91,135,0,0,39,0,0,0,0,0,0,0,0,0,0,0,0,5,0,83,0,0,2,0,0,1
JAVA,1,0,1,0,0,1,0,0,0,0,0,0,0,0,0,0,0,0,0,0,0,0,0,0,0,0,0
JAVA-SAMPLE-CODES,18,31,49,0,0,18,0,0,0,0,0,0,0,0,0,0,0,0,0,0,28,0,1,2,0,0,0
JAVA_TUTORIAL_PROJECTS,3,14,17,0,0,3,0,0,0,0,0,0,0,0,0,0,0,0,0,0,13,0,0,1,0,0,0
Java-Appium-Master,1,0,1,0,0,1,0,0,0,0,0,0,0,0,0,0,0,0,0,0,0,0,0,0,0,0,0
Java-Code-Examples,10,26,36,0,0,10,0,0,0,0,0,0,0,0,0,0,0,0,0,1,23,0,0,0,0,1,1
Java-Code-Samples,10,9,19,0,0,10,0,0,0,0,0,0,0,0,0,0,0,0,0,0,9,0,0,0,0,0,0
Java-Demo-Application,14,321,335,0,0,3,1,0,0,0,0,0,0,0,0,0,0,2,0,0,309,0,0,9,0,0,1
Java-Demo-Application-with-Spring-Boot-and-Security,18,27,45,0,0,15,0,0,0,0,0,0,0,0,0,0,0,0,0,2,11,0,0,13,0,0,1
Java-Examples,2,0,2,0,0,2,0,0,0,0,0,0,0,0,0,0,0,0,0,0,0,0,0,0,0,0,0
Java-Learning,1,5,6,0,0,1,0,0,0,0,0,0,0,0,0,0,0,0,0,0,4,0,0,1,0,0,0
Java-Sample-Code,2,2,4,0,0,1,0,0,0,0,0,0,0,0,0,0,0,0,0,0,2,0,0,0,0,0,0
Java-Samples,14,1,15,0,0,14,0,0,0,0,0,0,0,0,0,0,0,0,0,0,1,0,0,0,0,0,0
Java-Tutorial,3,16,19,0,0,3,0,0,0,0,0,0,0,0,0,0,0,0,2,0,14,0,0,0,0,0,0
Java-Tutorial-Projects,1,47,48,0,0,1,0,0,0,0,0,0,0,0,0,0,0,0,1,0,44,0,0,1,0,1,0
Java-application,2,0,2,0,0,2,0,0,0,0,0,0,0,0,0,0,0,0,0,0,0,0,0,0,0,0,0
Java8,64,110,174,0,0,57,3,0,0,0,0,0,2,0,0,0,0,0,0,1,91,0,0,18,0,0,0
JavaApp,13,3,16,0,0,5,0,0,0,4,0,0,4,0,0,0,0,0,0,0,1,0,1,1,0,0,0
JavaBasicTutorial,12,92,104,0,0,12,0,0,0,0,0,0,0,0,0,0,0,0,0,0,92,0,0,0,0,0,0
JavaCode,10,7,17,0,0,9,0,0,0,0,0,0,0,0,0,0,0,0,0,0,7,0,0,0,0,0,0
JavaCodeSamples,2,1,3,0,0,2,0,0,0,0,0,0,0,0,0,0,0,0,0,0,0,0,0,1,0,0,0
JavaCodeSnippets,139,260,399,0,0,133,0,0,0,0,0,0,3,0,0,0,0,0,0,0,250,0,1,8,0,1,0
JavaDemoApplication,4,4,8,0,0,4,0,0,0,0,0,0,0,0,0,0,0,0,0,1,1,0,0,2,0,0,0
JavaDemoJenkins,1,0,1,0,0,1,0,0,0,0,0,0,0,0,0,0,0,0,0,0,0,0,0,0,0,0,0
JavaExamples,25,156,181,0,0,15,2,0,0,2,0,0,0,0,0,0,0,0,1,1,145,0,1,4,0,1,3
JavaExamplesInterviewQuestions,18,28,46,0,0,18,0,0,0,0,0,0,0,0,0,0,0,0,0,0,25,0,0,0,0,1,2
JavaLearningTutorial,15,3,18,0,0,12,0,0,0,1,0,0,0,0,0,0,0,0,0,3,0,0,0,0,0,0,0
JavaPractice,25,66,91,0,0,24,0,0,0,0,0,0,0,1,0,0,0,0,1,0,59,0,0,2,0,0,4
JavaProject1,1,0,1,0,0,1,0,0,0,0,0,0,0,0,0,0,0,0,0,0,0,0,0,0,0,0,0
JavaRepository,2,4,6,0,0,2,0,0,0,0,0,0,0,0,0,0,0,0,0,0,4,0,0,0,0,0,0
JavaSampleCode,65,118,183,0,0,59,2,0,0,0,0,0,0,0,0,0,0,0,1,0,114,0,1,1,0,0,1
JavaSampleCodeForPull,61,240,301,0,0,48,8,0,0,0,0,0,1,0,0,0,0,0,4,8,215,0,0,8,0,3,2
JavaSampleCodeIS2104,52,78,130,0,0,52,0,0,0,0,0,0,0,0,0,0,0,0,2,0,71,0,0,0,0,4,1
JavaSampleCodes,1,0,1,0,0,1,0,0,0,0,0,0,0,0,0,0,0,0,0,0,0,0,0,0,0,0,0
JavaSamples,0,0,0,0,0,0,0,0,0,0,0,0,0,0,0,0,0,0,0,0,0,0,0,0,0,0,0
JavaSamplesCode,5,8,13,0,0,5,0,0,0,0,0,0,0,0,0,0,0,0,0,0,8,0,0,0,0,0,0
JavaSnippets,1,1,2,0,0,1,0,0,0,0,0,0,0,0,0,0,0,0,0,0,1,0,0,0,0,0,0
JavaTutorial,1,1,2,0,0,1,0,0,0,0,0,0,0,0,0,0,0,0,0,0,0,0,0,1,0,0,0
JavaTutorialProject,6,11,17,0,0,6,0,0,0,0,0,0,0,0,0,0,0,0,0,0,11,0,0,0,0,0,0
JavaTutorialProjects,94,20,114,0,0,67,13,0,0,0,0,0,0,0,0,0,0,0,0,0,20,0,0,0,0,0,0
JavaTutorialProjectsGuidedPersonal,2,105,107,0,0,1,0,0,0,1,0,0,0,0,0,0,0,1,0,0,102,0,0,2,0,0,0
JavaTutorialsProject,24,47,71,0,0,20,0,0,0,0,0,0,3,0,0,0,0,0,1,0,42,0,0,2,0,1,1
JavaWithMosh,2,11,13,0,0,2,0,0,0,0,0,0,0,0,0,0,0,0,0,0,10,0,0,1,0,0,0
Java_MVVM_with_Swing_and_RxJava_Examples,64,374,438,0,0,39,22,0,0,0,0,0,0,0,0,0,0,0,0,0,325,0,0,46,3,0,0
Java_SampleCode,36,253,289,0,0,23,11,0,0,1,0,0,0,0,0,0,0,4,12,0,152,0,48,22,0,11,4
Java_Sample_Code,24,228,252,0,0,16,4,0,0,0,0,0,0,0,0,0,0,0,5,1,209,0,3,8,0,1,1
Java_Sample_Codes,43,145,188,0,0,43,0,0,0,0,0,0,0,0,0,0,0,0,1,0,142,0,0,0,0,2,0
Java_Tutorials-Projects,69,670,739,0,0,62,1,0,0,0,0,0,0,0,0,0,0,2,12,1,623,0,0,12,0,3,17
KeyAuth-JAVA-api,1,30,31,0,0,0,1,0,0,0,0,0,0,0,0,0,0,0,0,0,16,0,6,7,0,1,0
KodlamaIoJavaTutorialProjectsPart1Eclipse,17,71,88,0,0,16,0,0,0,0,0,0,0,0,0,0,0,0,6,0,61,0,0,1,0,3,0
KodlamaIoJavaTutorialProjectsPart1Intellij,17,78,95,0,0,16,0,0,0,0,0,0,0,0,0,0,0,0,6,0,68,0,0,1,0,3,0
MLE5109-Course-samples,87,103,190,0,0,61,11,0,0,0,0,0,6,0,0,0,0,0,0,2,87,0,6,7,0,1,0
MasteringJava,154,198,352,0,0,118,4,0,0,0,0,0,8,0,0,0,0,0,0,1,194,0,0,1,0,2,0
MipSDK-File-Java-Basic,4,3,7,0,0,2,1,0,0,0,0,0,0,0,0,0,0,0,0,0,0,0,0,3,0,0,0
Moxtra-Java-Sample-Code,4,12,16,0,0,3,1,0,0,0,0,0,0,0,0,0,0,0,1,1,4,0,0,2,0,0,4
MyJavaNLayerTrials,6,3,9,0,0,6,0,0,0,0,0,0,0,0,0,0,0,0,0,0,3,0,0,0,0,0,0
MyJavaTutorialProject,13,100,113,0,0,8,2,0,0,0,0,0,0,0,0,0,0,0,2,1,95,0,0,1,0,0,1
Nick_JavaSampleCode,30,113,143,0,0,29,0,0,0,0,0,0,0,0,0,0,0,0,0,0,106,0,0,0,0,1,6
OpenPgp-BounceCastle-Example,1,15,16,0,0,1,0,0,0,0,0,0,0,0,0,0,0,0,1,3,2,0,0,9,0,0,0
Proj11x,4,0,4,0,0,2,0,0,0,0,0,0,0,0,0,0,0,0,0,0,0,0,0,0,0,0,0
REST-API-Sample,4,17,21,0,0,4,0,0,0,0,0,0,0,0,0,0,0,0,0,0,15,0,0,2,0,0,0
RssDigesterWithCouchbase,3,5,8,0,0,3,0,0,0,0,0,0,0,0,0,0,0,0,0,0,4,0,1,0,0,0,0
RxJavaDemoApplication,27,85,112,0,0,9,15,0,1,1,0,0,0,0,0,0,0,0,1,3,64,0,0,13,0,0,4
SomeCode,6,5,11,0,0,4,0,0,0,0,0,0,0,0,0,0,0,0,0,0,5,0,0,0,0,0,0
SparkJavaExamples,5,82,87,0,0,5,0,0,0,0,0,0,0,0,0,0,0,0,0,0,70,0,0,12,0,0,0
SpringBoot-Java-Demo-application,6,4,10,0,0,5,1,0,0,0,0,0,0,0,0,0,0,0,0,0,2,0,2,0,0,0,0
TA-Lib-Java-Examples,4,0,4,0,0,2,2,0,0,0,0,0,0,0,0,0,0,0,0,0,0,0,0,0,0,0,0
TensorFlow-Java-Examples,1,1,2,0,0,1,0,0,0,0,0,0,0,0,0,0,0,0,0,0,1,0,0,0,0,0,0
TestProject,2,0,2,0,0,1,0,0,0,0,0,0,0,0,0,0,0,0,0,0,0,0,0,0,0,0,0
ThinkingInJava,1051,543,1594,0,0,800,36,2,0,3,0,0,44,0,2,0,0,0,6,5,508,0,0,20,0,3,0
VLC-SCFS004-24-0650,86,261,347,0,0,72,3,0,0,0,0,0,4,0,0,0,0,0,3,1,246,0,0,8,0,2,1
VeraDemoCircleCI,3,74,77,0,0,3,0,0,0,0,0,0,0,0,0,0,0,2,1,1,62,0,0,8,0,0,0
ViniLibJava,2,3,5,0,0,2,0,0,0,0,0,0,0,0,0,0,0,0,0,0,3,0,0,0,0,0,0
WebSocket-Demo,1,0,1,0,0,1,0,0,0,0,0,0,0,0,0,0,0,0,0,0,0,0,0,0,0,0,0
_100DaysOfCode,8,50,58,0,0,6,0,0,0,0,0,0,0,0,0,0,0,0,3,0,42,0,0,1,0,4,0
akka-java-examples,18,17,35,0,0,13,5,0,0,0,0,0,0,0,0,0,0,0,0,0,16,0,0,1,0,0,0
alfresco-api-java-examples,93,13,106,0,0,26,30,0,0,0,0,0,8,0,0,0,0,0,0,1,2,0,3,7,0,0,0
amazon-kinesis-analytics-beam-taxi-consumer,11,18,29,0,0,6,5,0,0,0,0,0,0,0,0,0,0,0,0,0,4,0,0,12,0,2,0
amazon-kinesis-analytics-streaming-etl,1,16,17,0,0,1,0,0,0,0,0,0,0,0,0,0,0,0,1,0,0,0,0,13,0,0,2
amazon-kinesis-data-analytics-flink-benchmarking-utility,4,29,33,0,0,2,0,0,0,2,0,0,0,0,0,0,0,0,0,4,8,0,0,17,0,0,0
amazon-translate-pdf,4,21,25,0,0,2,1,0,0,0,0,0,0,0,0,0,0,0,0,2,11,0,0,8,0,0,0
amenity-reservation,8,3,11,0,0,4,0,0,0,0,0,0,0,0,0,0,0,0,0,0,2,0,0,1,0,0,0
amv-trafficsoft-restclient-demo,10,20,30,0,0,7,0,0,0,0,0,0,0,0,0,0,0,0,0,0,4,0,0,16,0,0,0
angular-demo,0,0,0,0,0,0,0,0,0,0,0,0,0,0,0,0,0,0,0,0,0,0,0,0,0,0,0
api,47,16,63,0,0,38,6,0,0,2,0,0,0,0,0,0,0,0,0,0,1,0,0,13,2,0,0
appium-java-examples,20,79,99,0,0,14,1,0,0,0,0,0,5,0,0,0,0,0,0,0,49,0,0,30,0,0,0
auth0-full-stack-java-example,76,197,273,0,0,58,6,0,0,4,0,0,1,0,0,0,0,0,3,2,21,0,1,162,7,0,1
aws-amplify-example-recipe-app-react-native,2,1,3,0,0,2,0,0,0,0,0,0,0,0,0,0,0,0,0,0,0,0,0,1,0,0,0
aws-athena-udfs-textanalytics,2,76,78,0,0,0,1,0,0,1,0,0,0,0,0,0,0,0,3,1,24,0,0,43,4,1,0
aws-cognito-java-desktop-app,6,160,166,0,0,0,0,0,0,0,0,0,0,0,0,0,0,0,1,0,141,0,2,14,0,1,1
aws-lambda-api-java-example,1,1,2,0,0,1,0,0,0,0,0,0,0,0,0,0,0,0,0,0,1,0,0,0,0,0,0
azure-cafe,2,7,9,0,0,2,0,0,0,0,0,0,0,0,0,0,0,0,1,0,3,0,0,3,0,0,0
azure-cosmos-cassandra-extensions-java-sample,2,13,15,0,0,1,1,0,0,0,0,0,0,0,0,0,0,0,0,1,8,0,0,4,0,0,0
azure-cosmos-cassandra-extensions-java-sample-v4,1,10,11,0,0,0,1,0,0,0,0,0,0,0,0,0,0,0,0,1,3,0,0,6,0,0,0
azure-functions-samples-java,43,37,80,0,0,31,10,0,0,0,0,0,0,0,0,0,0,0,0,3,14,0,0,20,0,0,0
azure-search-java-samples,20,80,100,0,0,12,3,0,0,0,0,0,0,0,0,0,0,0,1,0,34,0,1,44,0,0,0
azure-spring-data-cosmos-java-sql-api-samples,2,6,8,0,0,2,0,0,0,0,0,0,0,0,0,0,0,0,0,0,4,0,0,2,0,0,0
azure4j-blog-samples,25,47,72,0,0,11,3,0,0,10,0,0,0,0,0,0,0,0,0,1,18,0,12,14,2,0,0
azurejava,2,1,3,0,0,2,0,0,0,0,0,0,0,0,0,0,0,0,0,0,0,0,0,1,0,0,0
basyx-java-examples,261,336,597,0,0,189,32,0,0,15,0,0,5,0,0,0,0,0,2,47,88,0,10,145,30,14,0
bazel-java,18,15,33,0,0,12,5,0,0,0,0,0,0,0,0,0,0,0,0,0,11,0,0,4,0,0,0
cap-java-bookstore-app,1,0,1,0,0,1,0,0,0,0,0,0,0,0,0,0,0,0,0,0,0,0,0,0,0,0,0
clean-architecture-example,53,169,222,0,0,39,7,0,0,0,0,0,1,0,0,0,0,0,0,4,50,0,0,49,66,0,0
cleanarch,37,44,81,0,0,35,0,0,0,0,0,0,0,0,0,0,0,0,0,3,15,0,0,22,4,0,0
clickstream-consumer-for-apache-kafka,13,192,205,0,0,3,1,0,0,2,0,0,0,0,0,0,0,0,8,1,164,0,0,16,0,2,1
clickstream-producer-for-apache-kafka,11,248,259,0,0,2,1,0,0,2,0,0,0,0,0,0,0,0,12,3,187,0,0,41,1,3,1
cloud-asset-erp-dataloading-using-java,2,9,11,0,0,2,0,0,0,0,0,0,0,0,0,0,0,0,0,0,0,0,0,7,0,0,2
codeSamples,5,3,8,0,0,5,0,0,0,0,0,0,0,0,0,0,0,0,0,0,3,0,0,0,0,0,0
code_samples,5,7,12,0,0,5,0,0,0,0,0,0,0,0,0,0,0,0,0,0,7,0,0,0,0,0,0
communication-services-android-calling-hero,16,31,47,0,0,8,3,0,0,1,0,0,2,0,0,0,0,0,0,1,4,0,0,22,1,3,0
core-java-ref,9,12,21,0,0,6,1,0,0,0,0,0,0,0,0,0,0,0,0,0,12,0,0,0,0,0,0
cqrs-lottery,97,105,202,0,0,54,7,0,0,4,0,0,25,0,0,0,0,0,0,4,32,0,14,54,1,0,0
creational-design-patterns-example,19,6,25,0,0,19,0,0,0,0,0,0,0,0,0,0,0,0,0,0,0,0,0,1,0,4,0
ctrader-open-api-v2-java-example,13,54,67,0,0,5,3,0,0,1,0,0,1,0,0,0,0,0,1,0,18,0,0,32,1,0,2
cybersource-rest-samples-java,25,854,879,0,0,2,23,0,0,0,0,0,0,0,0,0,0,12,3,1,131,0,0,622,80,0,5
data-box-samples,1,231,232,0,0,1,0,0,0,0,0,0,0,0,0,0,0,1,0,0,229,0,0,1,0,0,0
data-engineering-for-aws-immersion-day,5,12,17,0,0,2,1,0,0,0,0,0,0,0,0,0,0,0,0,1,5,0,0,6,0,0,0
datomic-java-examples,16,91,107,0,0,8,7,0,0,0,0,0,0,0,0,0,0,1,0,1,24,0,0,65,0,0,0
day12-face-detection,0,2,2,0,0,0,0,0,0,0,0,0,0,0,0,0,0,0,0,0,1,0,0,1,0,0,0
ddd,3,2,5,0,0,3,0,0,0,0,0,0,0,0,0,0,0,0,0,0,0,0,0,2,0,0,0
deadbolt-2-java-examples,22,7,29,0,0,19,3,0,0,0,0,0,0,0,0,0,0,0,0,0,1,0,0,6,0,0,0
demo,1,0,1,0,0,1,0,0,0,0,0,0,0,0,0,0,0,0,0,0,0,0,0,0,0,0,0
demo-DSV-java,1,2,3,0,0,1,0,0,0,0,0,0,0,0,0,0,0,0,0,0,2,0,0,0,0,0,0
demo-java,18,97,115,0,0,5,10,0,0,1,0,0,0,0,0,0,0,1,4,0,43,0,1,42,6,0,0
effective-java-examples,87,168,255,0,0,65,9,0,0,0,0,0,2,0,0,0,0,0,0,2,162,0,0,3,0,1,0
elasticsearch,6,13,19,0,0,4,0,0,0,0,0,0,0,0,0,0,0,0,0,0,7,0,1,5,0,0,0
encog-java-examples,106,760,866,0,0,32,64,0,0,2,0,0,0,0,0,0,0,0,10,7,700,0,1,40,0,0,2
examples-java,190,216,406,0,0,143,34,0,0,0,0,0,0,0,0,0,0,0,0,0,134,0,8,72,2,0,0
feign-eureka,0,1,1,0,0,0,0,0,0,0,0,0,0,0,0,0,0,0,0,0,0,0,0,1,0,0,0
foglight-rest-api-java-sample-code,19,62,81,0,0,14,0,0,1,1,0,0,2,0,0,0,0,0,5,2,34,0,9,11,0,0,1
gateway-java-sample-code,14,106,120,0,0,7,3,0,0,3,0,0,1,0,0,0,0,1,2,2,5,0,0,80,2,5,9
gemini-function-calling,4,18,22,0,0,4,0,0,0,0,0,0,0,0,0,0,0,0,0,0,0,0,0,16,2,0,0
gitstafette-explorer,2,1,3,0,0,2,0,0,0,0,0,0,0,0,0,0,0,0,0,0,0,0,0,1,0,0,0
graphql,29,45,74,0,0,12,0,0,0,0,0,0,0,0,0,0,0,0,0,0,23,0,0,22,0,0,0
graphql-examples,44,14,58,0,0,28,0,0,0,0,0,0,0,0,0,0,0,0,0,0,4,0,0,10,0,0,0
graphql-java-examples,35,31,66,0,0,32,1,0,0,0,0,0,2,0,0,0,0,0,0,2,12,0,0,17,0,0,0
grpc-by-example-java,63,113,176,0,0,57,2,0,0,0,0,0,0,0,0,0,0,0,0,1,60,0,7,41,2,0,2
grpc-java,2,1,3,0,0,2,0,0,0,0,0,0,0,0,0,0,0,0,0,0,1,0,0,0,0,0,0
gs-accessing-data-jpa,3,0,3,0,0,3,0,0,0,0,0,0,0,0,0,0,0,0,0,0,0,0,0,0,0,0,0
gs-accessing-data-mongodb,4,1,5,0,0,3,1,0,0,0,0,0,0,0,0,0,0,0,0,0,1,0,0,0,0,0,0
gs-accessing-data-mysql,5,0,5,0,0,4,0,0,0,0,0,0,0,0,0,0,0,0,0,0,0,0,0,0,0,0,0
gs-accessing-data-neo4j,3,1,4,0,0,2,1,0,0,0,0,0,0,0,0,0,0,0,0,0,0,0,0,1,0,0,0
gs-accessing-data-r2dbc,2,5,7,0,0,2,0,0,0,0,0,0,0,0,0,0,0,0,0,0,4,0,0,1,0,0,0
gs-accessing-data-rest,4,11,15,0,0,4,0,0,0,0,0,0,0,0,0,0,0,0,0,0,0,0,0,11,0,0,0
gs-accessing-mongodb-data-rest,4,11,15,0,0,4,0,0,0,0,0,0,0,0,0,0,0,0,0,0,0,0,0,11,0,0,0
gs-accessing-neo4j-data-rest,4,11,15,0,0,4,0,0,0,0,0,0,0,0,0,0,0,0,0,0,0,0,0,11,0,0,0
gs-accessing-vault,2,0,2,0,0,2,0,0,0,0,0,0,0,0,0,0,0,0,0,0,0,0,0,0,0,0,0
gs-actuator-service,4,2,6,0,0,4,0,0,0,0,0,0,0,0,0,0,0,0,0,0,0,0,0,2,0,0,0
gs-async-method,3,4,7,0,0,3,0,0,0,0,0,0,0,0,0,0,0,0,0,0,4,0,0,0,0,0,0
gs-authenticating-ldap,5,2,7,0,0,5,0,0,0,0,0,0,0,0,0,0,0,0,0,0,0,0,0,2,0,0,0
gs-batch-processing,3,6,9,0,0,3,0,0,0,0,0,0,0,0,0,0,0,0,0,1,1,0,0,4,0,0,0
gs-caching,8,2,10,0,0,8,0,0,0,0,0,0,0,0,0,0,0,0,0,0,2,0,0,0,0,0,0
gs-centralized-configuration,4,0,4,0,0,4,0,0,0,0,0,0,0,0,0,0,0,0,0,0,0,0,0,0,0,0,0
gs-cloud-circuit-breaker,6,1,7,0,0,6,0,0,0,0,0,0,0,0,0,0,0,0,0,0,0,0,0,1,0,0,0
gs-consuming-rest,3,0,3,0,0,3,0,0,0,0,0,0,0,0,0,0,0,0,0,0,0,0,0,0,0,0,0
gs-consuming-web-service,3,1,4,0,0,3,0,0,0,0,0,0,0,0,0,0,0,0,0,0,0,0,0,1,0,0,0
gs-contract-rest,14,15,29,0,0,14,0,0,0,0,0,0,0,0,0,0,0,0,0,0,9,0,3,0,3,0,0
gs-crud-with-vaadin,7,5,12,0,0,7,0,0,0,0,0,0,0,0,0,0,0,0,0,0,3,0,0,2,0,0,0
gs-gateway,3,5,8,0,0,3,0,0,0,0,0,0,0,0,0,0,0,0,0,0,1,0,0,4,0,0,0
gs-handling-form-submission,4,1,5,0,0,4,0,0,0,0,0,0,0,0,0,0,0,0,0,0,0,0,0,1,0,0,0
gs-integration,3,0,3,0,0,3,0,0,0,0,0,0,0,0,0,0,0,0,0,0,0,0,0,0,0,0,0
gs-managing-transactions,3,5,8,0,0,3,0,0,0,0,0,0,0,0,0,0,0,0,0,0,3,0,0,2,0,0,0
gs-messaging-jms,2,0,2,0,0,2,0,0,0,0,0,0,0,0,0,0,0,0,0,0,0,0,0,0,0,0,0
gs-messaging-rabbitmq,2,3,5,0,0,2,0,0,0,0,0,0,0,0,0,0,0,0,0,0,2,0,1,0,0,0,0
gs-messaging-redis,1,1,2,0,0,1,0,0,0,0,0,0,0,0,0,0,0,0,0,0,1,0,0,0,0,0,0
gs-messaging-stomp-websocket,5,4,9,0,0,5,0,0,0,0,0,0,0,0,0,0,0,0,0,2,2,0,0,0,0,0,0
gs-multi-module,6,0,6,0,0,5,0,0,0,0,0,0,0,0,0,0,0,0,0,0,0,0,0,0,0,0,0
gs-producing-web-service,6,1,7,0,0,6,0,0,0,0,0,0,0,0,0,0,0,0,0,0,0,0,0,1,0,0,0
gs-reactive-rest-service,2,3,5,0,0,2,0,0,0,0,0,0,0,0,0,0,0,0,0,0,0,0,0,3,0,0,0
gs-relational-data-access,1,2,3,0,0,1,0,0,0,0,0,0,0,0,0,0,0,0,0,0,0,0,0,2,0,0,0
gs-rest-hateoas,6,4,10,0,0,6,0,0,0,0,0,0,0,0,0,0,0,0,0,0,0,0,2,0,2,0,0
gs-rest-service,4,2,6,0,0,4,0,0,0,0,0,0,0,0,0,0,0,0,0,0,0,0,0,2,0,0,0
gs-rest-service-cors,4,2,6,0,0,4,0,0,0,0,0,0,0,0,0,0,0,0,0,0,0,0,0,2,0,0,0
gs-scheduling-tasks,2,2,4,0,0,2,0,0,0,0,0,0,0,0,0,0,0,0,0,0,2,0,0,0,0,0,0
gs-securing-web,5,1,6,0,0,5,0,0,0,0,0,0,0,0,0,0,0,0,0,0,0,0,0,1,0,0,0
gs-service-registration-and-discovery,5,0,5,0,0,5,0,0,0,0,0,0,0,0,0,0,0,0,0,0,0,0,0,0,0,0,0
gs-serving-web-content,4,0,4,0,0,4,0,0,0,0,0,0,0,0,0,0,0,0,0,0,0,0,0,0,0,0,0
gs-spring-boot,5,1,6,0,0,5,0,0,0,0,0,0,0,0,0,0,0,0,0,0,0,0,0,1,0,0,0
gs-spring-boot-docker,4,4,8,0,0,4,0,0,0,0,0,0,0,0,0,0,0,0,0,0,0,0,2,0,2,0,0
gs-spring-cloud-loadbalancer,9,15,24,0,0,9,0,0,0,0,0,0,0,0,0,0,0,0,0,0,6,0,2,5,2,0,0
gs-spring-cloud-stream,6,5,11,0,0,6,0,0,0,0,0,0,0,0,0,0,0,0,0,0,2,0,0,3,0,0,0
gs-spring-data-reactive-redis,4,2,6,0,0,4,0,0,0,0,0,0,0,0,0,0,0,0,0,0,0,0,0,2,0,0,0
gs-tanzu-observability,6,4,10,0,0,6,0,0,0,0,0,0,0,0,0,0,0,0,0,0,0,0,2,0,2,0,0
gs-testing-restdocs,7,5,12,0,0,7,0,0,0,0,0,0,0,0,0,0,0,0,0,0,0,0,2,1,2,0,0
gs-testing-web,8,1,9,0,0,8,0,0,0,0,0,0,0,0,0,0,0,0,0,0,0,0,0,1,0,0,0
gs-uploading-files,11,9,20,0,0,9,0,0,0,0,0,0,2,0,0,0,0,0,0,0,0,0,0,9,0,0,0
gs-validating-form-input,4,0,4,0,0,4,0,0,0,0,0,0,0,0,0,0,0,0,0,0,0,0,0,0,0,0,0
gs-vault-config,2,0,2,0,0,2,0,0,0,0,0,0,0,0,0,0,0,0,0,0,0,0,0,0,0,0,0
gst1-java-examples,35,272,307,0,0,31,0,0,0,2,0,0,0,0,0,0,0,4,3,3,223,0,4,32,0,0,3
hazelcast-test,3,4,7,0,0,3,0,0,0,0,0,0,0,0,0,0,0,0,0,0,2,0,0,2,0,0,0
hexagonal-architecture-java,5,2,7,0,0,4,0,0,0,0,0,0,0,0,0,0,0,0,0,0,0,0,0,2,0,0,0
hms-push-serverdemo-java,65,109,174,0,0,34,1,0,5,6,0,0,1,0,0,0,0,0,2,2,42,0,0,63,0,0,0
htm.java-examples,16,328,344,0,0,10,1,0,0,3,0,0,0,0,0,0,0,0,6,4,297,0,2,17,0,0,2
ibm-developer-java,15,23,38,0,0,12,3,0,0,0,0,0,0,0,0,0,0,0,1,0,8,0,0,12,1,1,0
integration-sample-lambda-msk,1,21,22,0,0,1,0,0,0,0,0,0,0,0,0,0,0,0,0,0,12,0,0,9,0,0,0
item-manager,4,3,7,0,0,3,0,0,0,0,0,0,0,0,0,0,0,0,0,0,3,0,0,0,0,0,0
janusgraph-java-example,1,3,4,0,0,1,0,0,0,0,0,0,0,0,0,0,0,0,0,0,3,0,0,0,0,0,0
java-by-rkaranam,98,190,288,0,0,96,0,0,0,0,0,0,1,0,0,0,0,0,4,1,177,0,0,1,0,5,2
java-clean-architecture-example,290,488,778,0,0,211,3,0,0,0,0,0,5,0,0,0,0,0,2,5,299,0,0,173,9,0,0
java-code-demo,14,38,52,0,0,13,0,0,0,0,0,0,0,0,0,0,0,0,0,0,28,0,0,9,0,0,1
java-code-sample,80,54,134,0,0,40,15,0,0,0,0,0,1,0,0,0,0,0,1,1,30,0,7,10,3,1,1
java-codebits-cellar,40,53,93,0,0,25,4,0,0,0,0,0,10,0,0,0,0,0,0,0,49,0,0,4,0,0,0
java-coding-practice,1,67,68,0,0,1,0,0,0,0,0,0,0,0,0,0,0,0,1,0,65,0,0,1,0,0,0
java-demo,0,3,3,0,0,0,0,0,0,0,0,0,0,0,0,0,0,0,0,0,3,0,0,0,0,0,0
java-demoapp,10,13,23,0,0,10,0,0,0,0,0,0,0,0,0,0,0,0,0,0,6,0,1,3,1,1,1
java-design-patterns-1,91,39,130,0,0,62,6,0,0,0,0,0,5,0,0,0,0,0,0,0,33,0,0,4,0,1,0
java-hospital-patients-registry,5,5,10,0,0,3,1,0,0,0,0,0,0,0,0,0,0,0,0,0,4,0,0,1,0,0,0
java-hub,293,372,665,0,0,267,11,0,0,0,0,0,0,0,0,0,0,0,4,3,352,0,0,5,0,6,2
java-lessons-landfill,70,114,184,0,0,65,3,0,0,0,0,0,0,0,0,0,0,0,0,0,101,0,3,8,0,1,1
java-oop-examples,4,1,5,0,0,4,0,0,0,0,0,0,0,0,0,0,0,0,0,0,1,0,0,0,0,0,0
java-ort-example-yolov5,8,84,92,0,0,5,1,0,1,0,0,0,0,0,0,0,0,0,0,6,77,0,0,1,0,0,0
java-tensorflow-samples,19,94,113,0,0,16,1,0,0,0,0,0,0,0,0,0,0,0,2,0,79,0,0,12,0,0,1
java-tuto-1,38,65,103,0,0,38,0,0,0,0,0,0,0,0,0,0,0,0,0,0,58,0,2,5,0,0,0
java-tutorial-project,6,2,8,0,0,5,0,0,0,0,0,0,0,0,0,0,0,0,0,0,0,0,0,2,0,0,0
javaRepo,12,19,31,0,0,12,0,0,0,0,0,0,0,0,0,0,0,0,0,0,18,0,0,1,0,0,0
javaSamples1,24,95,119,0,0,17,6,0,0,0,0,0,0,0,0,0,0,0,2,1,73,0,0,16,0,3,0
java_code_samples,3,6,9,0,0,3,0,0,0,0,0,0,0,0,0,0,0,0,0,0,3,0,0,3,0,0,0
java_examples,4,6,10,0,0,4,0,0,0,0,0,0,0,0,0,0,0,0,0,0,6,0,0,0,0,0,0
java_library,6,14,20,0,0,4,1,0,0,0,0,0,0,0,0,0,0,0,0,0,11,0,0,3,0,0,0
java_programming_language,35,232,267,0,0,35,0,0,0,0,0,0,0,0,0,0,0,0,4,12,195,0,0,16,0,2,3
java_sample,3,0,3,0,0,2,0,0,0,0,0,0,0,0,0,0,0,0,0,0,0,0,0,0,0,0,0
java_samples,227,259,486,0,0,202,4,0,0,0,0,0,12,1,0,0,0,0,2,2,242,0,3,7,0,3,0
javabackend_project,2,2,4,0,0,2,0,0,0,0,0,0,0,0,0,0,0,0,0,0,2,0,0,0,0,0,0
javaboy-code-samples,632,488,1120,0,0,551,26,0,0,6,0,0,3,0,0,0,0,0,5,2,275,0,7,186,6,2,5
javademo,3,0,3,0,0,2,0,0,0,0,0,0,0,0,0,0,0,0,0,0,0,0,0,0,0,0,0
javademos,35,60,95,0,0,31,0,0,0,0,0,0,0,0,0,0,0,0,0,1,57,0,0,0,0,2,0
javafx-demodesktop-application,2,4,6,0,0,2,0,0,0,0,0,0,0,0,0,0,0,0,0,0,4,0,0,0,0,0,0
javafx-examples,11,49,60,0,0,11,0,0,0,0,0,0,0,0,0,0,0,0,0,0,47,0,0,2,0,0,0
javalab,53,158,211,0,0,52,0,0,0,0,0,0,1,0,0,0,0,0,2,0,146,0,0,9,0,1,0
javalabs,4,7,11,0,0,4,0,0,0,0,0,0,0,0,0,0,0,0,0,0,6,0,0,1,0,0,0
javamoney-examples,373,1489,1862,0,0,275,26,0,0,3,0,0,50,0,0,1,0,0,39,61,1234,0,27,115,2,1,10
javaplays-alchemyapi,12,2,14,0,0,12,0,0,0,0,0,0,0,0,0,0,0,0,0,0,0,0,0,2,0,0,0
javatut,24,61,85,0,0,23,0,0,0,0,0,0,0,0,0,0,0,0,0,0,60,0,0,0,0,0,1
javazuki-sample-codes,8,7,15,0,0,6,1,0,0,0,0,0,0,0,0,0,0,0,0,0,7,0,0,0,0,0,0
jdemo,29,12,41,0,0,21,1,1,0,0,0,0,4,0,0,0,0,0,0,0,4,0,0,8,0,0,0
jnao-example,86,259,345,0,0,40,17,0,0,2,0,0,0,0,0,0,0,3,10,3,216,0,18,9,0,0,0
kafka-producer-consumer-java-example,1,7,8,0,0,1,0,0,0,0,0,0,0,0,0,0,0,0,0,0,4,0,0,3,0,0,0
levelup-java-examples,389,1944,2333,0,0,381,3,0,0,2,0,0,0,0,0,0,0,0,8,2,1756,0,1,165,5,1,6
mau,7,48,55,0,0,2,3,0,0,0,0,0,0,0,0,0,0,0,0,0,47,0,0,0,0,0,1
mongodb-java-examples,10,17,27,0,0,9,1,0,0,0,0,0,0,0,0,0,0,0,5,0,11,0,0,1,0,0,0
ms-identity-android-java,11,51,62,0,0,6,2,0,0,1,0,0,1,0,0,0,0,0,0,1,1,0,2,41,6,0,0
ms-identity-docs-code-java,0,0,0,0,0,0,0,0,0,0,0,0,0,0,0,0,0,0,0,0,0,0,0,0,0,0,0
msa-ddd-eventsourcing,68,26,94,0,0,56,0,0,0,0,0,0,0,0,0,0,0,0,0,12,2,0,0,11,0,1,0
neow3j-examples-java,51,59,110,0,0,46,5,0,0,0,0,0,0,0,0,0,0,0,4,3,20,0,0,32,0,0,0
netflix-dgs-example-java,93,103,196,0,0,79,0,0,0,0,0,0,0,0,1,0,0,0,1,0,62,0,0,40,0,0,0
olami-nlu-samples-java,19,277,296,0,0,5,6,0,1,1,0,0,0,0,0,0,0,2,9,3,225,0,0,24,0,1,13
old_java_code,16,42,58,0,0,10,5,0,0,0,0,0,0,0,0,0,0,0,0,0,28,0,0,13,0,1,0
on_the_road_java,89,57,146,0,0,66,12,0,0,0,0,0,3,0,0,0,0,0,0,0,51,0,0,5,0,1,0
open-liberty-on-aks,6,2,8,0,0,6,0,0,0,0,0,0,0,0,0,0,0,0,0,0,0,0,0,0,0,0,2
opencv-test,7,28,35,0,0,5,0,0,0,0,0,0,0,0,0,0,0,0,2,0,19,0,0,6,0,0,1
opentelemetry-java-examples,92,257,349,0,0,88,3,0,0,0,0,0,0,0,0,0,0,0,0,3,136,0,4,114,0,0,0
oracle-spatial-visualizer-demo,2,9,11,0,0,2,0,0,0,0,0,0,0,0,0,0,0,0,0,0,9,0,0,0,0,0,0
oracle_java_tutorial_projects,10,17,27,0,0,5,3,1,0,0,0,0,0,0,1,0,0,0,0,0,17,0,0,0,0,0,0
outlook-actionable-messages-java-token-validation,1,2,3,0,0,1,0,0,0,0,0,0,0,0,0,0,0,0,0,0,1,0,0,1,0,0,0
pe-solutions-in-java,5,45,50,0,0,4,0,0,0,1,0,0,0,0,0,0,0,0,0,0,44,0,0,1,0,0,0
pit-example,1,2,3,0,0,1,0,0,0,0,0,0,0,0,0,0,0,0,0,0,2,0,0,0,0,0,0
play-demo-twitbookplus,12,10,22,0,0,6,5,0,0,0,0,0,0,0,0,0,0,0,0,2,5,0,0,3,0,0,0
potential-octo-chainsaw,36,55,91,0,0,19,2,0,0,0,0,0,0,0,0,0,0,0,0,1,43,0,0,10,0,0,1
project-k,19,846,865,0,0,13,2,0,0,0,0,0,0,0,0,0,0,0,23,20,715,0,0,37,1,1,49
reactive-refarch-cloudformation,8,18,26,0,0,5,1,0,0,1,0,0,0,0,0,0,0,0,0,1,9,0,1,6,1,0,0
receive_payment_java,0,7,7,0,0,0,0,0,0,0,0,0,0,0,0,0,0,0,0,0,6,0,0,1,0,0,0
redisson-examples,61,200,261,0,0,57,0,0,0,1,0,0,0,0,0,0,0,0,0,0,192,0,4,4,0,0,0
sc-contract-car-rental,18,32,50,0,0,14,3,0,0,0,0,0,0,0,0,0,0,0,0,0,13,0,4,12,3,0,0
sdacademy-examples,222,396,618,0,0,204,0,0,0,0,0,0,7,0,0,0,0,1,1,1,332,0,2,53,4,2,0
sendOTPSample-JAVA,2,3,5,0,0,0,2,0,0,0,0,0,0,0,0,0,0,0,0,0,0,0,0,3,0,0,0
sleuth-documentation-apps,11,37,48,0,0,11,0,0,0,0,0,0,0,0,0,0,0,0,0,1,34,0,0,2,0,0,0
sleuth-issues,41,63,104,0,0,39,1,0,0,0,0,0,0,0,0,0,0,0,0,0,26,0,5,25,5,2,0
solent2Public,1908,1803,3711,0,0,1683,111,0,6,11,0,0,3,0,0,3,0,3,80,41,1229,0,94,295,9,15,37
solid,32,8,40,0,0,26,0,0,0,0,0,0,4,0,0,0,0,0,0,0,7,0,0,0,0,1,0
spark-cassandra-java-example,1,31,32,0,0,0,0,0,0,1,0,0,0,0,0,0,0,0,0,0,23,0,0,8,0,0,0
spring-javafx-examples,44,0,44,0,0,32,0,0,0,0,0,0,0,0,0,0,0,0,0,0,0,0,0,0,0,0,0
springBoot-java,1,0,1,0,0,1,0,0,0,0,0,0,0,0,0,0,0,0,0,0,0,0,0,0,0,0,0
stock-trading-with-java-isc1128,32,195,227,0,0,25,2,0,0,0,0,0,0,0,0,0,0,0,16,24,98,0,0,36,0,21,0
structural-design-pattern-example,19,15,34,0,0,19,0,0,0,0,0,0,0,0,0,0,0,0,0,0,15,0,0,0,0,0,0
syok_with_java,21,14,35,0,0,15,3,0,0,0,0,0,3,0,0,0,0,0,0,0,13,0,0,0,0,1,0
taketoday-tutorial4j,10592,24189,34781,0,0,8774,512,6,32,103,1,0,137,0,10,1,3,4,87,164,19169,0,88,4318,242,55,62
telegram-bot,9,2,11,0,0,6,1,0,0,0,0,0,0,0,0,0,0,0,0,0,1,0,0,1,0,0,0
tensorflow-example-java,12,30,42,0,0,7,0,0,0,0,0,0,0,0,0,0,0,0,0,1,19,0,0,10,0,0,0
tensorflow-java,3,11,14,0,0,3,0,0,0,0,0,0,0,0,0,0,0,0,0,0,7,0,0,4,0,0,0
tensorflow-java-examples-spring,13,35,48,0,0,11,0,0,0,0,0,0,1,0,0,0,0,0,0,1,21,0,0,13,0,0,0
test-spring4-apps,0,0,0,0,0,0,0,0,0,0,0,0,0,0,0,0,0,0,0,0,0,0,0,0,0,0,0
testcontainers.testcontainers-java-examples,25,19,44,0,0,12,9,0,0,0,0,0,1,0,0,0,0,0,0,0,14,0,0,3,2,0,0
the-legacy-app,17,13,30,0,0,13,0,0,0,0,0,0,1,0,0,0,0,0,0,0,8,0,1,3,1,0,0
timrsyncclient,5,12,17,0,0,5,0,0,0,0,0,0,0,0,0,0,0,0,0,0,2,0,0,10,0,0,0
tut-rest,35,17,52,0,0,26,0,0,0,0,0,0,0,0,0,0,0,0,0,0,0,0,0,17,0,0,0
tutorial,39,14,53,0,0,38,0,0,0,0,0,0,0,0,0,0,0,0,0,2,6,0,0,5,0,0,1
tutorial_projects,2,4,6,0,0,2,0,0,0,0,0,0,0,0,0,0,0,0,0,0,4,0,0,0,0,0,0
unsafe-java-world,8,30,38,0,0,4,3,0,0,0,0,0,0,0,0,0,0,0,0,0,24,0,5,1,0,0,0
upacademyJavaStarterExamples,216,150,366,0,0,157,12,0,0,0,0,0,32,0,0,1,0,0,6,4,128,0,0,10,0,2,0
usb4java-examples,4,30,34,0,0,4,0,0,0,0,0,0,0,0,0,0,0,0,1,0,21,0,0,6,0,1,1
usb4java-javax-examples,17,34,51,0,0,6,4,0,0,0,0,0,6,0,0,0,0,0,3,2,21,0,0,6,0,2,0
visa-java-sample-code,187,552,739,0,0,147,0,0,0,27,0,0,0,0,0,0,0,0,26,52,103,0,78,229,12,0,52
vydya-java,1,50,51,0,0,1,0,0,0,0,0,0,0,0,0,0,0,0,1,0,43,0,0,4,0,0,2
wagetracker,13,84,97,0,0,11,1,0,0,0,0,0,0,0,0,0,0,0,0,0,52,0,0,32,0,0,0
weatherApp,5,20,25,0,0,4,1,0,0,0,0,0,0,0,0,0,0,0,1,1,16,0,0,1,0,1,0
webapp_with_jetty,1,5,6,0,0,1,0,0,0,0,0,0,0,0,0,0,0,0,0,0,1,0,1,2,0,0,1
